Year,Product line,Product type,Product,Order method type,Retailer country,Revenue,Planned revenue,Product cost,Quantity,Unit cost,Unit price,Gross profit,Unit sale price
2007,Camping Equipment,Cooking Gear,TrailChef Deluxe Cook Set,Sales visit,Japan,165744.35,174473.4,107008.2,1345.0,79.56,129.72,58736.15,123.23
2007,Camping Equipment,Cooking Gear,TrailChef Deluxe Cook Set,Sales visit,Singapore,75416.76,79388.64,48690.72,612.0,79.56,129.72,26726.04,123.23
2007,Camping Equipment,Cooking Gear,TrailChef Deluxe Cook Set,Sales visit,France,173014.92,182126.88,111702.24,1404.0,79.56,129.72,61312.68,123.23
2007,Camping Equipment,Cooking Gear,TrailChef Deluxe Cook Set,Sales visit,Austria,43376.96,45661.44,28005.12,352.0,79.56,129.72,15371.84,123.23
2007,Camping Equipment,Cooking Gear,TrailChef Deluxe Cook Set,Web,United States,1593610.36,1677539.04,1028869.92,12932.0,79.56,129.72,564740.44,123.23
2007,Camping Equipment,Cooking Gear,TrailChef Deluxe Cook Set,Web,United Kingdom,647820.11,681938.04,418246.92,5257.0,79.56,129.72,229573.19,123.23
2007,Camping Equipment,Cooking Gear,TrailChef Deluxe Cook Set,Telephone,Canada,49784.92,52406.88,32142.24,404.0,79.56,129.72,17642.68,123.23
2007,Camping Equipment,Cooking Gear,TrailChef Deluxe Cook Set,Telephone,Japan,55453.5,58374.0,35802.0,450.0,79.56,129.72,19651.5,123.23
2007,Camping Equipment,Cooking Gear,TrailChef Deluxe Cook Set,Telephone,Germany,87739.76,92360.64,56646.72,712.0,79.56,129.72,31093.04,123.23
2007,Camping Equipment,Cooking Gear,TrailChef Deluxe Cook Set,Web,Canada,751210.08,790773.12,484997.76,6096.0,79.56,129.72,266212.32,123.23
2007,Camping Equipment,Cooking Gear,TrailChef Deluxe Cook Set,Web,Mexico,445846.14,469326.96,287848.08,3618.0,79.56,129.72,157998.06,123.23
2007,Camping Equipment,Cooking Gear,TrailChef Deluxe Cook Set,Web,Brazil,305240.71,321316.44,197070.12,2477.0,79.56,129.72,108170.59,123.23
2007,Camping Equipment,Cooking Gear,TrailChef Deluxe Cook Set,Web,Japan,526192.1,553904.4,339721.2,4270.0,79.56,129.72,186470.9,123.23
2007,Camping Equipment,Cooking Gear,TrailChef Deluxe Cook Set,Web,Korea,513499.41,540543.24,331526.52,4167.0,79.56,129.72,181972.89,123.23
2007,Camping Equipment,Cooking Gear,TrailChef Deluxe Cook Set,Web,China,735683.1,774428.4,474973.2,5970.0,79.56,129.72,260709.9,123.23
2007,Camping Equipment,Cooking Gear,TrailChef Deluxe Cook Set,Web,Singapore,410725.59,432356.76,265173.48,3333.0,79.56,129.72,145552.11,123.23
2007,Camping Equipment,Cooking Gear,TrailChef Deluxe Cook Set,Web,Australia,411588.2,433264.8,265730.4,3340.0,79.56,129.72,145857.8,123.23
2007,Camping Equipment,Cooking Gear,TrailChef Deluxe Cook Set,Web,Netherlands,513869.1,540932.4,331765.2,4170.0,79.56,129.72,182103.9,123.23
2007,Camping Equipment,Cooking Gear,TrailChef Deluxe Cook Set,Web,Sweden,216268.65,227658.6,139627.8,1755.0,79.56,129.72,76640.85,123.23
2007,Camping Equipment,Cooking Gear,TrailChef Deluxe Cook Set,Web,Finland,544553.37,573232.68,351575.64,4419.0,79.56,129.72,192977.73,123.23
2007,Camping Equipment,Cooking Gear,TrailChef Deluxe Cook Set,Web,Denmark,142577.11,150086.04,92050.92,1157.0,79.56,129.72,50526.19,123.23
2007,Camping Equipment,Cooking Gear,TrailChef Deluxe Cook Set,Web,France,503517.78,530035.92,325082.16,4086.0,79.56,129.72,178435.62,123.23
2007,Camping Equipment,Cooking Gear,TrailChef Deluxe Cook Set,Web,Germany,502285.48,528738.72,324286.56,4076.0,79.56,129.72,177998.92,123.23
2007,Camping Equipment,Cooking Gear,TrailChef Deluxe Cook Set,Web,Belgium,294519.7,310030.8,190148.4,2390.0,79.56,129.72,104371.3,123.23
2007,Camping Equipment,Cooking Gear,TrailChef Deluxe Cook Set,Web,Switzerland,337034.05,354784.2,217596.6,2735.0,79.56,129.72,119437.45,123.23
2007,Camping Equipment,Cooking Gear,TrailChef Deluxe Cook Set,Web,Austria,295259.08,310809.12,190625.76,2396.0,79.56,129.72,104633.32,123.23
2007,Camping Equipment,Cooking Gear,TrailChef Deluxe Cook Set,Web,Italy,407644.84,429113.76,263184.48,3308.0,79.56,129.72,144460.36,123.23
2007,Camping Equipment,Cooking Gear,TrailChef Deluxe Cook Set,Web,Spain,383738.22,403948.08,247749.84,3114.0,79.56,129.72,135988.38,123.23
2007,Camping Equipment,Cooking Gear,TrailChef Deluxe Cook Set,E-mail,Germany,37092.23,39045.72,23947.56,301.0,79.56,129.72,13144.67,123.23
2007,Camping Equipment,Cooking Gear,TrailChef Deluxe Cook Set,E-mail,Italy,73814.77,77702.28,47656.44,599.0,79.56,129.72,26158.33,123.23
2007,Camping Equipment,Cooking Gear,TrailChef Deluxe Cook Set,Fax,Spain,55576.73,58503.72,35881.56,451.0,79.56,129.72,19695.17,123.23
2007,Camping Equipment,Cooking Gear,TrailChef Water Bag,Sales visit,United States,113738.6,149309.63,57981.49,22657.0,2.674,6.59,55757.11,5.336
2007,Camping Equipment,Cooking Gear,TrailChef Kitchen Kit,Sales visit,United States,90288.06,92939.0,62206.65,3905.0,15.93,23.8,28081.41,23.20666667
2007,Camping Equipment,Cooking Gear,TrailChef Cook Set,Sales visit,United States,163588.34,191540.91,119970.39,3487.0,32.11285714,54.93,43617.95,22.67714286
2007,Camping Equipment,Cooking Gear,TrailChef Single Flame,Sales visit,United States,192573.48,202713.72,140809.68,3036.0,46.38,66.77,51763.8,63.43
2007,Camping Equipment,Cooking Gear,TrailChef Single Flame,Sales visit,United Kingdom,72881.07,76718.73,53290.62,1149.0,46.38,66.77,19590.45,63.43
2007,Camping Equipment,Cooking Gear,TrailChef Double Flame,Sales visit,United States,167825.52,176660.28,87300.0,1164.0,75.0,151.77,80525.52,144.18
2007,Camping Equipment,Cooking Gear,TrailChef Double Flame,Sales visit,United Kingdom,21482.82,22613.73,11175.0,149.0,75.0,151.77,10307.82,144.18
2007,Camping Equipment,Cooking Gear,TrailChef Water Bag,Sales visit,Japan,102858.06,108280.29,49457.31,16431.0,3.01,6.59,53400.75,6.26
2007,Camping Equipment,Cooking Gear,TrailChef Water Bag,Sales visit,France,38887.12,40937.08,18698.12,6212.0,3.01,6.59,20189.0,6.26
2007,Camping Equipment,Cooking Gear,TrailChef Water Bag,Sales visit,Germany,19067.96,20073.14,9168.46,3046.0,3.01,6.59,9899.5,6.26
2007,Camping Equipment,Cooking Gear,TrailChef Water Bag,Sales visit,Austria,42203.14,58216.06,21827.54,8834.0,2.59,6.59,20375.6,5.105
2007,Camping Equipment,Cooking Gear,TrailChef Water Bag,Sales visit,Italy,29497.12,31052.08,14183.12,4712.0,3.01,6.59,15314.0,6.26
2007,Camping Equipment,Cooking Gear,TrailChef Water Bag,Sales visit,Spain,51619.96,54341.14,24820.46,8246.0,3.01,6.59,26799.5,6.26
2007,Camping Equipment,Cooking Gear,TrailChef Kitchen Kit,Sales visit,Japan,42768.88,43649.2,29215.62,1834.0,15.93,23.8,13553.26,23.32
2007,Camping Equipment,Cooking Gear,TrailChef Kitchen Kit,Sales visit,Korea,27569.46,28417.2,19020.42,1194.0,15.93,23.8,8549.04,23.09
2007,Camping Equipment,Cooking Gear,TrailChef Kitchen Kit,Sales visit,Sweden,20125.16,20539.4,13747.59,863.0,15.93,23.8,6377.57,23.32
2007,Camping Equipment,Cooking Gear,TrailChef Kitchen Kit,Sales visit,France,60515.4,61761.0,41338.35,2595.0,15.93,23.8,19177.05,23.32
2007,Camping Equipment,Cooking Gear,TrailChef Kitchen Kit,Sales visit,Spain,46266.86,47457.2,31764.42,1994.0,15.93,23.8,14502.44,23.205
2007,Camping Equipment,Cooking Gear,TrailChef Cook Set,Sales visit,Japan,80612.64,88657.02,55936.58,1614.0,33.30333333,54.93,24676.06,35.52
2007,Camping Equipment,Cooking Gear,TrailChef Cook Set,Sales visit,Australia,87539.04,90249.99,57455.71,1643.0,34.97,54.93,30083.33,53.28
2007,Camping Equipment,Cooking Gear,TrailChef Cook Set,Sales visit,Netherlands,66387.07,69156.87,44027.23,1259.0,34.97,54.93,22359.84,52.73
2007,Camping Equipment,Cooking Gear,TrailChef Cook Set,Sales visit,Sweden,49656.96,51194.76,32592.04,932.0,34.97,54.93,17064.92,53.28
2007,Camping Equipment,Cooking Gear,TrailChef Cook Set,Sales visit,France,86207.04,88876.74,56581.46,1618.0,34.97,54.93,29625.58,53.28
2007,Camping Equipment,Cooking Gear,TrailChef Cook Set,Sales visit,Germany,39427.2,40648.2,25877.8,740.0,34.97,54.93,13549.4,53.28
2007,Camping Equipment,Cooking Gear,TrailChef Cook Set,Sales visit,Switzerland,36869.76,38011.56,24199.24,692.0,34.97,54.93,12670.52,53.28
2007,Camping Equipment,Cooking Gear,TrailChef Cook Set,Sales visit,Austria,111834.72,115298.07,73402.03,2099.0,34.97,54.93,38432.69,53.28
2007,Camping Equipment,Cooking Gear,TrailChef Cook Set,Sales visit,Spain,105975.35,109860.0,69940.0,2000.0,34.97,54.93,36035.35,53.005
2007,Camping Equipment,Cooking Gear,TrailChef Single Flame,Sales visit,Japan,84298.47,88737.33,61639.02,1329.0,46.38,66.77,22659.45,63.43
2007,Camping Equipment,Cooking Gear,TrailChef Single Flame,Sales visit,Sweden,41927.23,44134.97,30657.18,661.0,46.38,66.77,11270.05,63.43
2007,Camping Equipment,Cooking Gear,TrailChef Single Flame,Sales visit,France,210080.16,221142.24,153610.56,3312.0,46.38,66.77,56469.6,63.43
2007,Camping Equipment,Cooking Gear,TrailChef Single Flame,Sales visit,Germany,41356.36,43534.04,30239.76,652.0,46.38,66.77,11116.6,63.43
2007,Camping Equipment,Cooking Gear,TrailChef Single Flame,Sales visit,Austria,30890.41,32516.99,22587.06,487.0,46.38,66.77,8303.35,63.43
2007,Camping Equipment,Cooking Gear,TrailChef Single Flame,Sales visit,Spain,44527.86,46872.54,32558.76,702.0,46.38,66.77,11969.1,63.43
2007,Camping Equipment,Cooking Gear,TrailChef Double Flame,Sales visit,Sweden,38063.52,40067.28,19800.0,264.0,75.0,151.77,18263.52,144.18
2007,Camping Equipment,Cooking Gear,TrailChef Double Flame,Sales visit,France,101646.9,106997.85,52875.0,705.0,75.0,151.77,48771.9,144.18
2007,Camping Equipment,Cooking Gear,TrailChef Double Flame,Sales visit,Austria,57239.46,60252.69,29775.0,397.0,75.0,151.77,27464.46,144.18
2007,Camping Equipment,Cooking Gear,TrailChef Double Flame,Sales visit,Spain,87373.08,91972.62,45450.0,606.0,75.0,151.77,41923.08,144.18
2007,Camping Equipment,Cooking Gear,TrailChef Water Bag,Web,United States,647105.44,815677.25,325938.55,123775.0,2.78090909,6.59,321166.89,5.64181818
2007,Camping Equipment,Cooking Gear,TrailChef Water Bag,Web,United Kingdom,264009.17,337203.71,133363.93,51169.0,2.75153846,6.59,130645.24,5.56538462
2007,Camping Equipment,Cooking Gear,TrailChef Water Bag,E-mail,United States,10422.09,10748.29,4909.31,1631.0,3.01,6.59,5512.78,6.39
2007,Camping Equipment,Cooking Gear,TrailChef Water Bag,E-mail,United Kingdom,20382.56,21457.04,9800.56,3256.0,3.01,6.59,10582.0,6.26
2007,Camping Equipment,Cooking Gear,TrailChef Kitchen Kit,Telephone,United Kingdom,13478.96,13756.4,9207.54,578.0,15.93,23.8,4271.42,23.32
2007,Camping Equipment,Cooking Gear,TrailChef Kitchen Kit,Web,United States,556584.92,576531.2,385888.32,24224.0,15.93,23.8,170696.6,23.045
2007,Camping Equipment,Cooking Gear,TrailChef Kitchen Kit,Web,United Kingdom,221563.32,226123.8,151350.93,9501.0,15.93,23.8,70212.39,23.32
2007,Camping Equipment,Cooking Gear,TrailChef Cook Set,Web,United States,1159013.35,1255370.22,794659.38,22854.0,33.72,54.93,364353.97,39.75375
2007,Camping Equipment,Cooking Gear,TrailChef Cook Set,Web,United Kingdom,462097.44,500522.16,316451.64,9112.0,33.39105263,54.93,145645.8,36.45473684
2007,Camping Equipment,Cooking Gear,TrailChef Cook Set,E-mail,United Kingdom,49124.16,50645.46,32242.34,922.0,34.97,54.93,16881.82,53.28
2007,Camping Equipment,Cooking Gear,TrailChef Cook Set,Fax,United States,58741.22,61192.02,38956.58,1114.0,34.97,54.93,19784.64,52.73
2007,Camping Equipment,Cooking Gear,TrailChef Single Flame,Web,United States,1222803.54,1287192.06,894113.64,19278.0,46.38,66.77,328689.9,63.43
2007,Camping Equipment,Cooking Gear,TrailChef Single Flame,Web,United Kingdom,415910.51,437810.89,304113.66,6557.0,46.38,66.77,111796.85,63.43
2007,Camping Equipment,Cooking Gear,TrailChef Single Flame,E-mail,United States,22137.07,23302.73,16186.62,349.0,46.38,66.77,5950.45,63.43
2007,Camping Equipment,Cooking Gear,TrailChef Single Flame,E-mail,United Kingdom,41610.08,43801.12,30425.28,656.0,46.38,66.77,11184.8,63.43
2007,Camping Equipment,Cooking Gear,TrailChef Double Flame,Web,United States,932556.24,981648.36,485100.0,6468.0,75.0,151.77,447456.24,144.18
2007,Camping Equipment,Cooking Gear,TrailChef Double Flame,Web,United Kingdom,389141.82,409627.23,202425.0,2699.0,75.0,151.77,186716.82,144.18
2007,Camping Equipment,Cooking Gear,TrailChef Water Bag,Telephone,Canada,20989.15,19938.1,9586.85,3185.0,3.01,6.59,10351.25,6.26
2007,Camping Equipment,Cooking Gear,TrailChef Water Bag,Telephone,Australia,22603.7,21471.8,10324.3,3430.0,3.01,6.59,11147.5,6.26
2007,Camping Equipment,Cooking Gear,TrailChef Water Bag,Telephone,Sweden,43751.01,41560.14,19983.39,6639.0,3.01,6.59,21576.75,6.26
2007,Camping Equipment,Cooking Gear,TrailChef Water Bag,Telephone,Germany,74526.31,57674.73,29212.61,11309.0,2.73,6.59,28462.12,5.51333333
2007,Camping Equipment,Cooking Gear,TrailChef Water Bag,Web,Canada,315199.7,262192.46,130432.54,47830.0,2.85727273,6.59,131759.92,5.84
2007,Camping Equipment,Cooking Gear,TrailChef Water Bag,Web,Mexico,268878.59,212041.7,107039.17,40801.0,2.77,6.59,105002.53,5.6
2007,Camping Equipment,Cooking Gear,TrailChef Water Bag,Web,Brazil,163669.24,130396.7,65576.84,24836.0,2.77,6.59,64819.86,5.61
2007,Camping Equipment,Cooking Gear,TrailChef Water Bag,Web,Japan,295838.28,216995.34,111841.8,44892.0,2.63666667,6.59,105153.54,5.23333333
2007,Camping Equipment,Cooking Gear,TrailChef Water Bag,Web,Korea,279850.94,220639.7,111387.22,42466.0,2.77,6.59,109252.48,5.6
2007,Camping Equipment,Cooking Gear,TrailChef Water Bag,Web,China,397568.11,315804.67,159097.61,60329.0,2.77,6.59,156707.06,5.6
2007,Camping Equipment,Cooking Gear,TrailChef Water Bag,Web,Singapore,233846.15,182692.85,92466.85,35485.0,2.73,6.59,90226.0,5.49
2007,Camping Equipment,Cooking Gear,TrailChef Water Bag,Web,Australia,200223.97,155194.15,78724.31,30383.0,2.73,6.59,76469.84,5.49
2007,Camping Equipment,Cooking Gear,TrailChef Water Bag,Web,Netherlands,288457.48,227124.34,114703.4,43772.0,2.77,6.59,112420.94,5.6
2007,Camping Equipment,Cooking Gear,TrailChef Water Bag,Web,Sweden,76411.05,54691.44,28394.31,11595.0,2.59,6.59,26297.13,5.105
2007,Camping Equipment,Cooking Gear,TrailChef Water Bag,Web,Finland,296194.14,234646.83,118300.14,44946.0,2.77,6.59,116346.69,5.6
2007,Camping Equipment,Cooking Gear,TrailChef Water Bag,Web,Denmark,81603.97,63971.74,32347.07,12383.0,2.73,6.59,31624.67,5.49
2007,Camping Equipment,Cooking Gear,TrailChef Water Bag,Web,France,330488.5,253745.65,129001.46,50150.0,2.73,6.59,124744.19,5.49583333
2007,Camping Equipment,Cooking Gear,TrailChef Water Bag,Web,Germany,243843.18,192459.54,97131.3,37002.0,2.758,6.59,95328.24,5.567
2007,Camping Equipment,Cooking Gear,TrailChef Water Bag,Web,Belgium,141731.13,110727.63,56042.91,21507.0,2.73,6.59,54684.72,5.49
2007,Camping Equipment,Cooking Gear,TrailChef Water Bag,Web,Switzerland,184249.81,145626.28,73466.75,27959.0,2.77,6.59,72159.53,5.6
2007,Camping Equipment,Cooking Gear,TrailChef Water Bag,Web,Austria,121625.04,100108.38,49943.04,18456.0,2.842,6.59,50165.34,5.798
2007,Camping Equipment,Cooking Gear,TrailChef Water Bag,Web,Italy,226471.94,176179.94,89277.58,34366.0,2.73,6.59,86902.36,5.49
2007,Camping Equipment,Cooking Gear,TrailChef Water Bag,Web,Spain,192118.27,143941.57,73730.09,29153.0,2.674,6.59,70211.48,5.336
2007,Camping Equipment,Cooking Gear,TrailChef Water Bag,Special,Singapore,26953.1,25603.4,12310.9,4090.0,3.01,6.59,13292.5,6.26
2007,Camping Equipment,Cooking Gear,TrailChef Water Bag,E-mail,Canada,53398.77,50724.78,24390.03,8103.0,3.01,6.59,26334.75,6.26
2007,Camping Equipment,Cooking Gear,TrailChef Water Bag,Fax,Belgium,16244.35,15603.45,7419.65,2465.0,3.01,6.59,8183.8,6.33
2007,Camping Equipment,Cooking Gear,TrailChef Kitchen Kit,Telephone,Japan,22157.8,21710.92,14830.83,931.0,15.93,23.8,6880.09,23.32
2007,Camping Equipment,Cooking Gear,TrailChef Kitchen Kit,Web,Canada,300475.0,290950.41,201116.25,12625.0,15.93,23.8,89834.16,23.05142857
2007,Camping Equipment,Cooking Gear,TrailChef Kitchen Kit,Web,Mexico,170217.6,165788.74,113931.36,7152.0,15.93,23.8,51857.38,23.18857143
2007,Camping Equipment,Cooking Gear,TrailChef Kitchen Kit,Web,Brazil,111027.0,108787.8,74313.45,4665.0,15.93,23.8,34474.35,23.32
2007,Camping Equipment,Cooking Gear,TrailChef Kitchen Kit,Web,Japan,215080.6,210742.84,143959.41,9037.0,15.93,23.8,66783.43,23.32
2007,Camping Equipment,Cooking Gear,TrailChef Kitchen Kit,Web,Korea,164196.2,158569.27,109901.07,6899.0,15.93,23.8,48668.2,22.97
2007,Camping Equipment,Cooking Gear,TrailChef Kitchen Kit,Web,China,276151.4,265463.59,184835.79,11603.0,15.93,23.8,80627.8,22.88428571
2007,Camping Equipment,Cooking Gear,TrailChef Kitchen Kit,Web,Singapore,182450.8,176506.43,122119.38,7666.0,15.93,23.8,54387.05,23.02
2007,Camping Equipment,Cooking Gear,TrailChef Kitchen Kit,Web,Australia,153914.6,150332.96,103019.31,6467.0,15.93,23.8,47313.65,23.25428571
2007,Camping Equipment,Cooking Gear,TrailChef Kitchen Kit,Web,Netherlands,189733.6,184073.48,126993.96,7972.0,15.93,23.8,57079.52,23.09
2007,Camping Equipment,Cooking Gear,TrailChef Kitchen Kit,Web,Sweden,61975.2,60485.85,41481.72,2604.0,15.93,23.8,19004.13,23.24333333
2007,Camping Equipment,Cooking Gear,TrailChef Kitchen Kit,Web,Finland,203989.8,197904.39,136536.03,8571.0,15.93,23.8,61368.36,23.09
2007,Camping Equipment,Cooking Gear,TrailChef Kitchen Kit,Web,Denmark,55382.6,53333.22,37069.11,2327.0,15.93,23.8,16264.11,22.92666667
2007,Camping Equipment,Cooking Gear,TrailChef Kitchen Kit,Web,France,192089.8,187640.62,128571.03,8071.0,15.93,23.8,59069.59,23.25545455
2007,Camping Equipment,Cooking Gear,TrailChef Kitchen Kit,Web,Germany,199753.4,195142.17,133700.49,8393.0,15.93,23.8,61441.68,23.24333333
2007,Camping Equipment,Cooking Gear,TrailChef Kitchen Kit,Web,Belgium,110432.0,108204.8,73915.2,4640.0,15.93,23.8,34289.6,23.32
2007,Camping Equipment,Cooking Gear,TrailChef Kitchen Kit,Web,Switzerland,126140.0,122745.56,84429.0,5300.0,15.93,23.8,38316.56,23.15142857
2007,Camping Equipment,Cooking Gear,TrailChef Kitchen Kit,Web,Austria,125973.4,123432.76,84317.49,5293.0,15.93,23.8,39115.27,23.32
2007,Camping Equipment,Cooking Gear,TrailChef Kitchen Kit,Web,Italy,129210.2,125573.42,86483.97,5429.0,15.93,23.8,39089.45,23.136
2007,Camping Equipment,Cooking Gear,TrailChef Kitchen Kit,Web,Spain,93034.2,90689.83,62270.37,3909.0,15.93,23.8,28419.46,23.205
2007,Camping Equipment,Cooking Gear,TrailChef Kitchen Kit,E-mail,Germany,35509.6,34793.44,23767.56,1492.0,15.93,23.8,11025.88,23.32
2007,Camping Equipment,Cooking Gear,TrailChef Kitchen Kit,E-mail,Italy,51931.6,50580.41,34759.26,2182.0,15.93,23.8,15821.15,23.205
2007,Camping Equipment,Cooking Gear,TrailChef Kitchen Kit,Fax,Spain,25061.4,24313.77,16774.29,1053.0,15.93,23.8,7539.48,23.09
2007,Camping Equipment,Cooking Gear,TrailChef Cook Set,Telephone,Canada,38231.28,36317.28,24339.12,696.0,34.97,54.93,11978.16,52.18
2007,Camping Equipment,Cooking Gear,TrailChef Cook Set,Telephone,Japan,41691.87,40439.52,26542.23,759.0,34.97,54.93,13897.29,53.28
2007,Camping Equipment,Cooking Gear,TrailChef Cook Set,Telephone,Australia,48228.54,46779.84,30703.66,878.0,34.97,54.93,16076.18,53.28
2007,Camping Equipment,Cooking Gear,TrailChef Cook Set,Telephone,Sweden,42515.82,41238.72,27066.78,774.0,34.97,54.93,14171.94,53.28
2007,Camping Equipment,Cooking Gear,TrailChef Cook Set,Telephone,Germany,129634.8,118464.04,81919.2,2360.0,33.72,54.93,36544.84,39.685
2007,Camping Equipment,Cooking Gear,TrailChef Cook Set,Web,Canada,568250.85,533306.44,360479.65,10345.0,34.25571429,54.93,172826.79,45.315
2007,Camping Equipment,Cooking Gear,TrailChef Cook Set,Web,Mexico,387586.08,357196.38,245098.32,7056.0,33.47,54.93,112098.06,37.186
2007,Camping Equipment,Cooking Gear,TrailChef Cook Set,Web,Brazil,246361.05,226013.76,155625.45,4485.0,33.85888889,54.93,70388.31,41.44
2007,Camping Equipment,Cooking Gear,TrailChef Cook Set,Web,Japan,500577.09,461564.64,316431.61,9113.0,33.63666667,54.93,145133.03,39.072
2007,Camping Equipment,Cooking Gear,TrailChef Cook Set,Web,Korea,434056.86,396498.81,274382.94,7902.0,33.85888889,54.93,122115.87,41.07333333
2007,Camping Equipment,Cooking Gear,TrailChef Cook Set,Web,China,617962.5,563839.33,390967.5,11250.0,33.47,54.93,172871.83,36.691
2007,Camping Equipment,Cooking Gear,TrailChef Cook Set,Web,Singapore,344466.03,315521.15,217766.87,6271.0,33.30333333,54.93,97754.28,35.27555556
2007,Camping Equipment,Cooking Gear,TrailChef Cook Set,Web,Australia,206646.66,185767.41,130232.14,3762.0,32.82714286,54.93,55535.27,30.36714286
2007,Camping Equipment,Cooking Gear,TrailChef Cook Set,Web,Netherlands,377039.52,343061.38,238244.08,6864.0,33.30333333,54.93,104817.3,35.15333333
2007,Camping Equipment,Cooking Gear,TrailChef Cook Set,Web,Sweden,86295.03,80319.34,54697.87,1571.0,33.30333333,54.93,25621.47,35.15333333
2007,Camping Equipment,Cooking Gear,TrailChef Cook Set,Web,Finland,456248.58,420619.11,288765.82,8306.0,33.47,54.93,131853.29,36.966
2007,Camping Equipment,Cooking Gear,TrailChef Cook Set,Web,Denmark,130239.03,116772.22,82053.87,2371.0,33.72,54.93,34718.35,39.8225
2007,Camping Equipment,Cooking Gear,TrailChef Cook Set,Web,France,478275.51,441158.4,302348.79,8707.0,33.30333333,54.93,138809.61,35.52
2007,Camping Equipment,Cooking Gear,TrailChef Cook Set,Web,Germany,288382.5,267047.51,182527.5,5250.0,33.30333333,54.93,84520.01,35.33666667
2007,Camping Equipment,Cooking Gear,TrailChef Cook Set,Web,Belgium,247404.72,229210.56,156494.88,4504.0,33.47,54.93,72715.68,37.296
2007,Camping Equipment,Cooking Gear,TrailChef Cook Set,Web,Switzerland,243724.41,224548.84,154166.89,4437.0,33.30333333,54.93,70381.95,35.33666667
2007,Camping Equipment,Cooking Gear,TrailChef Cook Set,Web,Austria,167316.78,151741.44,105528.62,3046.0,33.30333333,54.93,46212.82,35.52
2007,Camping Equipment,Cooking Gear,TrailChef Cook Set,Web,Italy,291074.07,268902.0,184161.03,5299.0,33.54142857,54.93,84740.97,37.9
2007,Camping Equipment,Cooking Gear,TrailChef Cook Set,Web,Spain,255589.29,234485.28,161455.41,4653.0,33.095,54.93,73029.87,33.3
2007,Camping Equipment,Cooking Gear,TrailChef Cook Set,Special,Singapore,62839.92,60323.12,40005.68,1144.0,34.97,54.93,20317.44,52.73
2007,Camping Equipment,Cooking Gear,TrailChef Cook Set,E-mail,Canada,54930.0,49153.56,34680.0,1000.0,32.47,54.93,14473.56,26.09
2007,Camping Equipment,Cooking Gear,TrailChef Cook Set,E-mail,Sweden,2636.64,0.0,1438.56,48.0,29.97,54.93,-1438.56,0.0
2007,Camping Equipment,Cooking Gear,TrailChef Cook Set,E-mail,Germany,65696.28,61698.24,41634.12,1196.0,33.30333333,54.93,20064.12,35.52
2007,Camping Equipment,Cooking Gear,TrailChef Cook Set,E-mail,Italy,111727.62,104451.61,70818.98,2034.0,33.30333333,54.93,33632.63,35.33666667
2007,Camping Equipment,Cooking Gear,TrailChef Single Flame,Telephone,Japan,82861.57,78716.63,57557.58,1241.0,46.38,66.77,21159.05,63.43
2007,Camping Equipment,Cooking Gear,TrailChef Single Flame,Telephone,Australia,102158.1,97047.9,70961.4,1530.0,46.38,66.77,26086.5,63.43
2007,Camping Equipment,Cooking Gear,TrailChef Single Flame,Telephone,Sweden,45937.76,43639.84,31909.44,688.0,46.38,66.77,11730.4,63.43
2007,Camping Equipment,Cooking Gear,TrailChef Single Flame,Telephone,Germany,40062.0,38058.0,27828.0,600.0,46.38,66.77,10230.0,63.43
2007,Camping Equipment,Cooking Gear,TrailChef Single Flame,Web,Canada,628038.62,596622.58,436250.28,9406.0,46.38,66.77,160372.3,63.43
2007,Camping Equipment,Cooking Gear,TrailChef Single Flame,Web,Mexico,402088.94,381975.46,279300.36,6022.0,46.38,66.77,102675.1,63.43
2007,Camping Equipment,Cooking Gear,TrailChef Single Flame,Web,Brazil,212929.53,202278.27,147905.82,3189.0,46.38,66.77,54372.45,63.43
2007,Camping Equipment,Cooking Gear,TrailChef Single Flame,Web,Japan,463183.49,440013.91,321738.06,6937.0,46.38,66.77,118275.85,63.43
2007,Camping Equipment,Cooking Gear,TrailChef Single Flame,Web,Korea,435340.4,413563.6,302397.6,6520.0,46.38,66.77,111166.0,63.43
2007,Camping Equipment,Cooking Gear,TrailChef Single Flame,Web,China,623832.11,592626.49,433328.34,9343.0,46.38,66.77,159298.15,63.43
2007,Camping Equipment,Cooking Gear,TrailChef Single Flame,Web,Singapore,353547.15,335861.85,245582.1,5295.0,46.38,66.77,90279.75,63.43
2007,Camping Equipment,Cooking Gear,TrailChef Single Flame,Web,Australia,245713.6,233422.4,170678.4,3680.0,46.38,66.77,62744.0,63.43
2007,Camping Equipment,Cooking Gear,TrailChef Single Flame,Web,Netherlands,446958.38,424600.42,310467.72,6694.0,46.38,66.77,114132.7,63.43
2007,Camping Equipment,Cooking Gear,TrailChef Single Flame,Web,Sweden,150766.66,143224.94,104726.04,2258.0,46.38,66.77,38498.9,63.43
2007,Camping Equipment,Cooking Gear,TrailChef Single Flame,Web,Finland,460713.0,437667.0,320022.0,6900.0,46.38,66.77,117645.0,63.43
2007,Camping Equipment,Cooking Gear,TrailChef Single Flame,Web,Denmark,78187.67,74276.53,54310.98,1171.0,46.38,66.77,19965.55,63.43
2007,Camping Equipment,Cooking Gear,TrailChef Single Flame,Web,France,352679.14,335037.26,244979.16,5282.0,46.38,66.77,90058.1,63.43
2007,Camping Equipment,Cooking Gear,TrailChef Single Flame,Web,Germany,379453.91,360472.69,263577.54,5683.0,46.38,66.77,96895.15,63.43
2007,Camping Equipment,Cooking Gear,TrailChef Single Flame,Web,Belgium,214198.16,203483.44,148787.04,3208.0,46.38,66.77,54696.4,63.43
2007,Camping Equipment,Cooking Gear,TrailChef Single Flame,Web,Switzerland,285174.67,270909.53,198088.98,4271.0,46.38,66.77,72820.55,63.43
2007,Camping Equipment,Cooking Gear,TrailChef Single Flame,Web,Austria,251722.9,239131.1,174852.6,3770.0,46.38,66.77,64278.5,63.43
2007,Camping Equipment,Cooking Gear,TrailChef Single Flame,Web,Italy,294589.24,279853.16,204628.56,4412.0,46.38,66.77,75224.6,63.43
2007,Camping Equipment,Cooking Gear,TrailChef Single Flame,Web,Spain,330578.27,314041.93,229627.38,4951.0,46.38,66.77,84414.55,63.43
2007,Camping Equipment,Cooking Gear,TrailChef Single Flame,Special,Singapore,58490.52,55564.68,40628.88,876.0,46.38,66.77,14935.8,63.43
2007,Camping Equipment,Cooking Gear,TrailChef Single Flame,E-mail,Canada,51079.05,48523.95,35480.7,765.0,46.38,66.77,13043.25,63.43
2007,Camping Equipment,Cooking Gear,TrailChef Single Flame,E-mail,Brazil,37524.74,35647.66,26065.56,562.0,46.38,66.77,9582.1,63.43
2007,Camping Equipment,Cooking Gear,TrailChef Single Flame,E-mail,Germany,68372.48,64952.32,47493.12,1024.0,46.38,66.77,17459.2,63.43
2007,Camping Equipment,Cooking Gear,TrailChef Single Flame,E-mail,Italy,114310.24,108592.16,79402.56,1712.0,46.38,66.77,29189.6,63.43
2007,Camping Equipment,Cooking Gear,TrailChef Single Flame,Fax,Belgium,35254.56,33491.04,24488.64,528.0,46.38,66.77,9002.4,63.43
2007,Camping Equipment,Cooking Gear,TrailChef Double Flame,Telephone,Canada,31264.62,29701.08,15450.0,206.0,75.0,151.77,14251.08,144.18
2007,Camping Equipment,Cooking Gear,TrailChef Double Flame,Telephone,Japan,37487.19,35612.46,18525.0,247.0,75.0,151.77,17087.46,144.18
2007,Camping Equipment,Cooking Gear,TrailChef Double Flame,Telephone,Australia,38853.12,36910.08,19200.0,256.0,75.0,151.77,17710.08,144.18
2007,Camping Equipment,Cooking Gear,TrailChef Double Flame,Telephone,Sweden,33541.17,31863.78,16575.0,221.0,75.0,151.77,15288.78,144.18
2007,Camping Equipment,Cooking Gear,TrailChef Double Flame,Telephone,Italy,36576.57,34747.38,18075.0,241.0,75.0,151.77,16672.38,144.18
2007,Camping Equipment,Cooking Gear,TrailChef Double Flame,Web,Canada,444079.02,421870.68,219450.0,2926.0,75.0,151.77,202420.68,144.18
2007,Camping Equipment,Cooking Gear,TrailChef Double Flame,Web,Mexico,308244.87,292829.58,152325.0,2031.0,75.0,151.77,140504.58,144.18
2007,Camping Equipment,Cooking Gear,TrailChef Double Flame,Web,Brazil,191837.28,182243.52,94800.0,1264.0,75.0,151.77,87443.52,144.18
2007,Camping Equipment,Cooking Gear,TrailChef Double Flame,Web,Japan,445900.26,423600.84,220350.0,2938.0,75.0,151.77,203250.84,144.18
2007,Camping Equipment,Cooking Gear,TrailChef Double Flame,Web,Korea,331769.22,315177.48,163950.0,2186.0,75.0,151.77,151227.48,144.18
2007,Camping Equipment,Cooking Gear,TrailChef Double Flame,Web,China,476254.26,452436.84,235350.0,3138.0,75.0,151.77,217086.84,144.18
2007,Camping Equipment,Cooking Gear,TrailChef Double Flame,Web,Singapore,315226.29,299461.86,155775.0,2077.0,75.0,151.77,143686.86,144.18
2007,Camping Equipment,Cooking Gear,TrailChef Double Flame,Web,Australia,227655.0,216270.0,112500.0,1500.0,75.0,151.77,103770.0,144.18
2007,Camping Equipment,Cooking Gear,TrailChef Double Flame,Web,Netherlands,345276.75,328009.5,170625.0,2275.0,75.0,151.77,157384.5,144.18
2007,Camping Equipment,Cooking Gear,TrailChef Double Flame,Web,Sweden,67082.34,63727.56,33150.0,442.0,75.0,151.77,30577.56,144.18
2007,Camping Equipment,Cooking Gear,TrailChef Double Flame,Web,Finland,352561.71,334930.14,174225.0,2323.0,75.0,151.77,160705.14,144.18
2007,Camping Equipment,Cooking Gear,TrailChef Double Flame,Web,Denmark,103051.83,97898.22,50925.0,679.0,75.0,151.77,46973.22,144.18
2007,Camping Equipment,Cooking Gear,TrailChef Double Flame,Web,France,331617.45,315033.3,163875.0,2185.0,75.0,151.77,151158.3,144.18
2007,Camping Equipment,Cooking Gear,TrailChef Double Flame,Web,Germany,323421.87,307247.58,159825.0,2131.0,75.0,151.77,147422.58,144.18
2007,Camping Equipment,Cooking Gear,TrailChef Double Flame,Web,Belgium,191230.2,181666.8,94500.0,1260.0,75.0,151.77,87166.8,144.18
2007,Camping Equipment,Cooking Gear,TrailChef Double Flame,Web,Switzerland,218852.34,207907.56,108150.0,1442.0,75.0,151.77,99757.56,144.18
2007,Camping Equipment,Cooking Gear,TrailChef Double Flame,Web,Austria,168768.24,160328.16,83400.0,1112.0,75.0,151.77,76928.16,144.18
2007,Camping Equipment,Cooking Gear,TrailChef Double Flame,Web,Italy,225226.68,213963.12,111300.0,1484.0,75.0,151.77,102663.12,144.18
2007,Camping Equipment,Cooking Gear,TrailChef Double Flame,Web,Spain,168768.24,160328.16,83400.0,1112.0,75.0,151.77,76928.16,144.18
2007,Camping Equipment,Cooking Gear,TrailChef Double Flame,E-mail,Canada,43861.53,41668.02,21675.0,289.0,75.0,151.77,19993.02,144.18
2007,Camping Equipment,Cooking Gear,TrailChef Double Flame,E-mail,Germany,82866.42,78722.28,40950.0,546.0,75.0,151.77,37772.28,144.18
2007,Camping Equipment,Cooking Gear,TrailChef Double Flame,E-mail,Italy,49477.02,47002.68,24450.0,326.0,75.0,151.77,22552.68,144.18
2007,Camping Equipment,Cooking Gear,TrailChef Double Flame,Fax,Spain,36576.57,34747.38,18075.0,241.0,75.0,151.77,16672.38,144.18
2007,Camping Equipment,Cooking Gear,TrailChef Canteen,Sales visit,United States,55372.6,65679.79,31392.62,4411.0,7.28,14.89,23979.98,12.862
2007,Camping Equipment,Cooking Gear,TrailChef Canteen,Sales visit,United Kingdom,22766.91,28678.14,12953.22,1926.0,7.07,14.89,9813.69,12.505
2007,Camping Equipment,Cooking Gear,TrailChef Cup,Sales visit,United States,60325.89,82880.7,19411.41,22645.0,0.862,3.66,40914.48,2.971
2007,Camping Equipment,Cooking Gear,TrailChef Cup,Sales visit,United Kingdom,8591.12,11931.6,2790.44,3260.0,0.86,3.66,5800.68,2.93
2007,Camping Equipment,Cooking Gear,TrailChef Kettle,Sales visit,United States,172693.03,204870.34,76685.23,15497.0,5.16142857,13.22,96007.8,11.97285714
2007,Camping Equipment,Cooking Gear,TrailChef Utensils,Sales visit,United States,84690.88,100423.74,46331.0,5206.0,8.86666667,19.29,38359.88,16.26666667
2007,Camping Equipment,Cooking Gear,TrailChef Canteen,Sales visit,Japan,44357.31,37563.06,21217.98,2979.0,7.42,14.89,16345.08,13.2
2007,Camping Equipment,Cooking Gear,TrailChef Canteen,Sales visit,Sweden,32623.99,26078.65,14825.72,2191.0,7.07,14.89,11252.93,12.505
2007,Camping Equipment,Cooking Gear,TrailChef Canteen,Sales visit,France,54988.77,46581.81,26358.36,3693.0,7.595,14.89,20223.45,13.51
2007,Camping Equipment,Cooking Gear,TrailChef Canteen,Sales visit,Germany,10140.09,9935.79,5529.72,681.0,8.12,14.89,4406.07,14.59
2007,Camping Equipment,Cooking Gear,TrailChef Canteen,Sales visit,Switzerland,22275.44,15588.32,9005.92,1496.0,6.02,14.89,6582.4,10.42
2007,Camping Equipment,Cooking Gear,TrailChef Canteen,Sales visit,Austria,21724.51,21286.81,11847.08,1459.0,8.12,14.89,9439.73,14.59
2007,Camping Equipment,Cooking Gear,TrailChef Cup,Sales visit,Japan,11305.74,10965.95,2687.43,3089.0,0.87,3.66,8278.52,3.55
2007,Camping Equipment,Cooking Gear,TrailChef Cup,Sales visit,Sweden,13981.2,8404.0,3247.0,3820.0,0.85,3.66,5157.0,2.2
2007,Camping Equipment,Cooking Gear,TrailChef Cup,Sales visit,France,24631.8,19474.3,5789.66,6730.0,0.86333333,3.66,13684.64,3.1
2007,Camping Equipment,Cooking Gear,TrailChef Cup,Sales visit,Austria,17476.5,12451.0,4086.75,4775.0,0.86,3.66,8364.25,2.895
2007,Camping Equipment,Cooking Gear,TrailChef Cup,Sales visit,Spain,5372.88,5270.12,1277.16,1468.0,0.87,3.66,3992.96,3.59
2007,Camping Equipment,Cooking Gear,TrailChef Kettle,Sales visit,Japan,21694.02,20824.29,8762.94,1641.0,5.34,13.22,12061.35,12.69
2007,Camping Equipment,Cooking Gear,TrailChef Kettle,Sales visit,Singapore,62596.7,37548.55,19366.15,4735.0,4.09,13.22,18182.4,7.93
2007,Camping Equipment,Cooking Gear,TrailChef Kettle,Sales visit,Australia,54228.44,51521.12,21904.68,4102.0,5.34,13.22,29616.44,12.56
2007,Camping Equipment,Cooking Gear,TrailChef Kettle,Sales visit,France,21707.24,20836.98,8768.28,1642.0,5.34,13.22,12068.7,12.69
2007,Camping Equipment,Cooking Gear,TrailChef Kettle,Sales visit,Switzerland,24245.48,23273.46,9793.56,1834.0,5.34,13.22,13479.9,12.69
2007,Camping Equipment,Cooking Gear,TrailChef Kettle,Sales visit,Austria,18825.28,18255.68,7604.16,1424.0,5.34,13.22,10651.52,12.82
2007,Camping Equipment,Cooking Gear,TrailChef Kettle,Sales visit,Spain,26982.02,25634.96,10898.94,2041.0,5.34,13.22,14736.02,12.56
2007,Camping Equipment,Cooking Gear,TrailChef Utensils,Sales visit,Japan,39968.88,39361.26,20720.0,2072.0,10.0,19.29,18641.26,19.095
2007,Camping Equipment,Cooking Gear,TrailChef Utensils,Sales visit,France,50173.29,38173.83,20869.2,2601.0,8.86666667,19.29,17304.63,16.58666667
2007,Camping Equipment,Cooking Gear,TrailChef Utensils,Sales visit,Switzerland,5401.2,5401.2,2800.0,280.0,10.0,19.29,2601.2,19.29
2007,Camping Equipment,Cooking Gear,TrailChef Utensils,Sales visit,Austria,33429.57,25438.36,13936.8,1733.0,8.3,19.29,11501.56,15.235
2007,Camping Equipment,Cooking Gear,TrailChef Utensils,Sales visit,Spain,58776.63,56636.59,30470.0,3047.0,10.0,19.29,26166.59,18.615
2007,Camping Equipment,Cooking Gear,TrailChef Canteen,Web,United States,386961.32,330790.73,188504.26,25988.0,7.547272729999999,14.89,142286.47,13.31227273
2007,Camping Equipment,Cooking Gear,TrailChef Canteen,Web,United Kingdom,123706.12,109547.29,61614.56,8308.0,7.547272729999999,14.89,47932.73,13.45272727
2007,Camping Equipment,Cooking Gear,TrailChef Canteen,E-mail,United States,5434.85,5434.85,2963.8,365.0,8.12,14.89,2471.05,14.89
2007,Camping Equipment,Cooking Gear,TrailChef Canteen,E-mail,United Kingdom,10512.34,10300.54,5732.72,706.0,8.12,14.89,4567.82,14.59
2007,Camping Equipment,Cooking Gear,TrailChef Cup,Telephone,United Kingdom,4040.64,3963.36,960.48,1104.0,0.87,3.66,3002.88,3.59
2007,Camping Equipment,Cooking Gear,TrailChef Cup,Web,United States,180331.86,145400.64,42447.93,49271.0,0.86555556,3.66,102952.71,3.21888889
2007,Camping Equipment,Cooking Gear,TrailChef Cup,Web,United Kingdom,75103.2,59860.99,17656.54,20520.0,0.86454545,3.66,42204.45,3.19909091
2007,Camping Equipment,Cooking Gear,TrailChef Kettle,Web,United States,809050.78,645502.04,293380.16,61199.0,4.92333333,13.22,352121.88,11.04809524
2007,Camping Equipment,Cooking Gear,TrailChef Kettle,Web,United Kingdom,361527.34,291755.41,131461.73,27347.0,4.98285714,13.22,160293.68,11.34857143
2007,Camping Equipment,Cooking Gear,TrailChef Utensils,Telephone,United Kingdom,7368.78,7147.22,3820.0,382.0,10.0,19.29,3327.22,18.71
2007,Camping Equipment,Cooking Gear,TrailChef Utensils,Web,United States,437651.52,359326.53,195787.0,22688.0,9.07272727,19.29,163539.53,16.95636364
2007,Camping Equipment,Cooking Gear,TrailChef Utensils,Web,United Kingdom,220600.44,187709.59,101640.6,11436.0,8.95384615,19.29,86068.99,16.57153846
2007,Camping Equipment,Cooking Gear,TrailChef Canteen,Telephone,Canada,10531.73,10973.93,5984.44,737.0,8.12,14.89,4547.29,14.29
2007,Camping Equipment,Cooking Gear,TrailChef Canteen,Telephone,Japan,10417.26,10631.46,5797.68,714.0,8.12,14.89,4619.58,14.59
2007,Camping Equipment,Cooking Gear,TrailChef Canteen,Telephone,Australia,11190.53,11420.63,6228.04,767.0,8.12,14.89,4962.49,14.59
2007,Camping Equipment,Cooking Gear,TrailChef Canteen,Telephone,Sweden,10782.01,11003.71,6000.68,739.0,8.12,14.89,4781.33,14.59
2007,Camping Equipment,Cooking Gear,TrailChef Canteen,Web,Canada,146915.92,163149.73,82580.54,10957.0,7.77,14.89,64335.38,13.87
2007,Camping Equipment,Cooking Gear,TrailChef Canteen,Web,Mexico,99316.11,114087.18,55934.34,7662.0,7.52,14.89,43381.77,13.39857143
2007,Camping Equipment,Cooking Gear,TrailChef Canteen,Web,Brazil,64222.54,73407.7,36150.8,4930.0,7.52,14.89,28071.74,13.39857143
2007,Camping Equipment,Cooking Gear,TrailChef Canteen,Web,Japan,116651.97,135439.44,65772.42,9096.0,7.49,14.89,50879.55,13.339
2007,Camping Equipment,Cooking Gear,TrailChef Canteen,Web,Korea,112466.52,131374.47,63845.46,8823.0,7.52,14.89,48621.06,13.29285714
2007,Camping Equipment,Cooking Gear,TrailChef Canteen,Web,China,160254.0,186943.95,91320.6,12555.0,7.52,14.89,68933.4,13.22714286
2007,Camping Equipment,Cooking Gear,TrailChef Canteen,Web,Singapore,92850.23,109039.47,52732.26,7323.0,7.42,14.89,40117.97,13.10166667
2007,Camping Equipment,Cooking Gear,TrailChef Canteen,Web,Australia,79280.05,93107.17,44755.76,6253.0,7.42,14.89,34524.29,13.2
2007,Camping Equipment,Cooking Gear,TrailChef Canteen,Web,Netherlands,115762.3,134650.27,65615.06,9043.0,7.52,14.89,50147.24,13.31285714
2007,Camping Equipment,Cooking Gear,TrailChef Canteen,Web,Sweden,12897.56,13162.76,7178.08,884.0,8.12,14.89,5719.48,14.59
2007,Camping Equipment,Cooking Gear,TrailChef Canteen,Web,Finland,119475.38,139087.49,67799.62,9341.0,7.52,14.89,51675.76,13.29142857
2007,Camping Equipment,Cooking Gear,TrailChef Canteen,Web,Denmark,31373.79,36659.18,17876.74,2462.0,7.42,14.89,13497.05,13.05333333
2007,Camping Equipment,Cooking Gear,TrailChef Canteen,Web,France,103081.86,119566.7,58410.1,8030.0,7.49,14.89,44671.76,13.265
2007,Camping Equipment,Cooking Gear,TrailChef Canteen,Web,Germany,107679.16,123438.1,60737.6,8290.0,7.547272729999999,14.89,46941.56,13.42545455
2007,Camping Equipment,Cooking Gear,TrailChef Canteen,Web,Belgium,56764.82,66230.72,32022.76,4448.0,7.42,14.89,24742.06,13.2
2007,Camping Equipment,Cooking Gear,TrailChef Canteen,Web,Switzerland,58653.83,64161.01,33073.88,4309.0,7.77,14.89,25579.95,13.79666667
2007,Camping Equipment,Cooking Gear,TrailChef Canteen,Web,Austria,54392.66,64533.26,30740.08,4334.0,7.28,14.89,23652.58,12.922
2007,Camping Equipment,Cooking Gear,TrailChef Canteen,Web,Italy,105309.81,121547.07,59578.26,8163.0,7.52,14.89,45731.55,13.33428571
2007,Camping Equipment,Cooking Gear,TrailChef Canteen,Web,Spain,82766.66,91647.95,46435.9,6155.0,7.77,14.89,36330.76,13.895
2007,Camping Equipment,Cooking Gear,TrailChef Canteen,Special,Singapore,13349.85,13624.35,7429.8,915.0,8.12,14.89,5920.05,14.59
2007,Camping Equipment,Cooking Gear,TrailChef Canteen,E-mail,Canada,14108.53,14398.63,7852.04,967.0,8.12,14.89,6256.49,14.59
2007,Camping Equipment,Cooking Gear,TrailChef Canteen,E-mail,Germany,19990.84,25253.44,11377.52,1696.0,7.07,14.89,8613.32,12.505
2007,Camping Equipment,Cooking Gear,TrailChef Canteen,Fax,Belgium,8039.09,8204.39,4474.12,551.0,8.12,14.89,3564.97,14.59
2007,Camping Equipment,Cooking Gear,TrailChef Canteen,Fax,Spain,12160.14,17376.63,7025.34,1167.0,6.02,14.89,5134.8,10.42
2007,Camping Equipment,Cooking Gear,TrailChef Cup,Web,Canada,75292.48,89677.32,21148.12,24502.0,0.86666667,3.66,54144.36,3.31166667
2007,Camping Equipment,Cooking Gear,TrailChef Cup,Web,Mexico,53659.56,67907.64,15962.42,18554.0,0.86428571,3.66,37697.14,3.15857143
2007,Camping Equipment,Cooking Gear,TrailChef Cup,Web,Brazil,34595.18,43535.7,10231.99,11895.0,0.86428571,3.66,24363.19,3.19285714
2007,Camping Equipment,Cooking Gear,TrailChef Cup,Web,Japan,75541.85,98047.74,23015.11,26789.0,0.86333333,3.66,52526.74,3.10666667
2007,Camping Equipment,Cooking Gear,TrailChef Cup,Web,Korea,59114.51,75582.66,17761.93,20651.0,0.86428571,3.66,41352.58,3.13714286
2007,Camping Equipment,Cooking Gear,TrailChef Cup,Web,China,84002.84,107227.02,25207.91,29297.0,0.86428571,3.66,58794.93,3.11428571
2007,Camping Equipment,Cooking Gear,TrailChef Cup,Web,Singapore,55709.71,70224.42,16513.57,19187.0,0.86428571,3.66,39196.14,3.14285714
2007,Camping Equipment,Cooking Gear,TrailChef Cup,Web,Australia,47555.65,60002.04,14104.24,16394.0,0.86428571,3.66,33451.41,3.17
2007,Camping Equipment,Cooking Gear,TrailChef Cup,Web,Netherlands,60800.21,78547.26,18448.15,21461.0,0.86428571,3.66,42352.06,3.14142857
2007,Camping Equipment,Cooking Gear,TrailChef Cup,Web,Sweden,16554.52,17011.68,4043.76,4648.0,0.87,3.66,12510.76,3.56333333
2007,Camping Equipment,Cooking Gear,TrailChef Cup,Web,Finland,62978.68,80150.34,18838.95,21899.0,0.86428571,3.66,44139.73,3.14142857
2007,Camping Equipment,Cooking Gear,TrailChef Cup,Web,Denmark,17292.82,22377.24,5254.46,6114.0,0.86333333,3.66,12038.36,3.09
2007,Camping Equipment,Cooking Gear,TrailChef Cup,Web,France,59515.27,75769.32,17803.02,20702.0,0.86454545,3.66,41712.25,3.18727273
2007,Camping Equipment,Cooking Gear,TrailChef Cup,Web,Germany,68003.2,86778.6,20389.84,23710.0,0.86384615,3.66,47613.36,3.12846154
2007,Camping Equipment,Cooking Gear,TrailChef Cup,Web,Belgium,34188.83,42547.5,10005.19,11625.0,0.86428571,3.66,24183.64,3.19285714
2007,Camping Equipment,Cooking Gear,TrailChef Cup,Web,Switzerland,39184.12,49699.14,11680.57,13579.0,0.86428571,3.66,27503.55,3.16142857
2007,Camping Equipment,Cooking Gear,TrailChef Cup,Web,Austria,26457.33,30981.9,7309.71,8465.0,0.866,3.66,19147.62,3.296
2007,Camping Equipment,Cooking Gear,TrailChef Cup,Web,Italy,55296.96,69686.4,16386.48,19040.0,0.86428571,3.66,38910.48,3.14714286
2007,Camping Equipment,Cooking Gear,TrailChef Cup,Web,Spain,34749.35,42005.82,9896.19,11477.0,0.866,3.66,24853.16,3.28
2007,Camping Equipment,Cooking Gear,TrailChef Cup,E-mail,Canada,13198.9,13607.88,3234.66,3718.0,0.87,3.66,9964.24,3.55
2007,Camping Equipment,Cooking Gear,TrailChef Cup,E-mail,Germany,4369.03,4454.22,1058.79,1217.0,0.87,3.66,3310.24,3.59
2007,Camping Equipment,Cooking Gear,TrailChef Cup,Fax,Spain,9264.2,15412.26,3579.35,4211.0,0.85,3.66,5684.85,2.2
2007,Camping Equipment,Cooking Gear,TrailChef Kettle,Telephone,Canada,73936.35,77297.34,31222.98,5847.0,5.34,13.22,42713.37,12.64666667
2007,Camping Equipment,Cooking Gear,TrailChef Kettle,Telephone,Germany,42213.71,57507.0,19875.25,4350.0,4.715,13.22,22338.46,10.245
2007,Camping Equipment,Cooking Gear,TrailChef Kettle,Web,Canada,292950.87,345319.62,129749.89,26121.0,5.11272727,13.22,163200.98,11.76545455
2007,Camping Equipment,Cooking Gear,TrailChef Kettle,Web,Mexico,214253.37,266647.4,97156.55,20170.0,4.98285714,13.22,117096.82,11.23714286
2007,Camping Equipment,Cooking Gear,TrailChef Kettle,Web,Brazil,141680.86,175376.52,63745.44,13266.0,4.98285714,13.22,77935.42,11.36714286
2007,Camping Equipment,Cooking Gear,TrailChef Kettle,Web,Japan,322960.62,400764.3,145882.1,30315.0,4.95538462,13.22,177078.52,11.19538462
2007,Camping Equipment,Cooking Gear,TrailChef Kettle,Web,Korea,234538.1,289835.28,106051.66,21924.0,4.98285714,13.22,128486.44,11.23714286
2007,Camping Equipment,Cooking Gear,TrailChef Kettle,Web,China,336443.86,418148.6,152481.7,31630.0,4.98285714,13.22,183962.16,11.23714286
2007,Camping Equipment,Cooking Gear,TrailChef Kettle,Web,Singapore,185034.2,215049.74,81660.78,16267.0,5.13166667,13.22,103373.42,11.78833333
2007,Camping Equipment,Cooking Gear,TrailChef Kettle,Web,Australia,136931.76,178959.14,63217.58,13537.0,4.84,13.22,73714.18,10.76
2007,Camping Equipment,Cooking Gear,TrailChef Kettle,Web,Netherlands,232213.68,291355.58,105648.26,22039.0,4.98285714,13.22,126565.42,11.23714286
2007,Camping Equipment,Cooking Gear,TrailChef Kettle,Web,Sweden,75559.91,95699.58,34375.01,7239.0,4.92333333,13.22,41184.9,11.10333333
2007,Camping Equipment,Cooking Gear,TrailChef Kettle,Web,Finland,248662.1,309691.72,112792.34,23426.0,4.98285714,13.22,135869.76,11.23714286
2007,Camping Equipment,Cooking Gear,TrailChef Kettle,Web,Denmark,97840.8,119878.96,44021.87,9068.0,5.0275,13.22,53818.93,11.435
2007,Camping Equipment,Cooking Gear,TrailChef Kettle,Web,France,290967.73,362254.44,131322.93,27402.0,4.95538462,13.22,159644.8,11.25538462
2007,Camping Equipment,Cooking Gear,TrailChef Kettle,Web,Germany,246618.98,298626.58,110010.26,22589.0,5.0275,13.22,136608.72,11.52166667
2007,Camping Equipment,Cooking Gear,TrailChef Kettle,Web,Belgium,136083.14,168211.28,61188.66,12724.0,4.98285714,13.22,74894.48,11.36714286
2007,Camping Equipment,Cooking Gear,TrailChef Kettle,Web,Switzerland,131533.33,167761.8,60128.35,12690.0,4.92333333,13.22,71404.98,11.06
2007,Camping Equipment,Cooking Gear,TrailChef Kettle,Web,Austria,141675.46,180876.04,64671.88,13682.0,4.92333333,13.22,77003.58,11.10333333
2007,Camping Equipment,Cooking Gear,TrailChef Kettle,Web,Italy,188607.92,221130.94,83522.18,16727.0,5.13166667,13.22,105085.74,11.78833333
2007,Camping Equipment,Cooking Gear,TrailChef Kettle,Web,Spain,173961.7,221514.32,79624.54,16756.0,4.92333333,13.22,94337.16,11.01666667
2007,Camping Equipment,Cooking Gear,TrailChef Kettle,E-mail,Italy,31799.3,53012.2,16400.9,4010.0,4.09,13.22,15398.4,7.93
2007,Camping Equipment,Cooking Gear,TrailChef Utensils,Telephone,Canada,36064.12,37326.15,19350.0,1935.0,10.0,19.29,16714.12,18.905
2007,Camping Equipment,Cooking Gear,TrailChef Utensils,Telephone,Australia,32484.08,33834.66,17540.0,1754.0,10.0,19.29,14944.08,18.52
2007,Camping Equipment,Cooking Gear,TrailChef Utensils,Telephone,Sweden,19739.05,20350.95,10550.0,1055.0,10.0,19.29,9189.05,18.71
2007,Camping Equipment,Cooking Gear,TrailChef Utensils,Telephone,Germany,13854.78,19945.86,7657.4,1034.0,8.3,19.29,6197.38,15.43
2007,Camping Equipment,Cooking Gear,TrailChef Utensils,Web,Canada,162331.06,185859.15,87615.4,9635.0,9.38181818,19.29,74715.66,17.60454545
2007,Camping Equipment,Cooking Gear,TrailChef Utensils,Web,Mexico,167361.39,200770.32,91442.2,10408.0,9.02857143,19.29,75919.19,16.67142857
2007,Camping Equipment,Cooking Gear,TrailChef Utensils,Web,Brazil,102475.35,117591.84,55248.0,6096.0,9.02857143,19.29,47227.35,16.75142857
2007,Camping Equipment,Cooking Gear,TrailChef Utensils,Web,Japan,149107.24,186360.69,81524.2,9661.0,8.64,19.29,67583.04,15.97
2007,Camping Equipment,Cooking Gear,TrailChef Utensils,Web,Korea,127279.5,154667.22,69514.2,8018.0,9.02857143,19.29,57765.3,16.78142857
2007,Camping Equipment,Cooking Gear,TrailChef Utensils,Web,China,184576.73,223088.85,101128.6,11565.0,9.02857143,19.29,83448.13,16.64285714
2007,Camping Equipment,Cooking Gear,TrailChef Utensils,Web,Singapore,123690.66,147587.79,67279.0,7651.0,9.02857143,19.29,56411.66,16.83571429
2007,Camping Equipment,Cooking Gear,TrailChef Utensils,Web,Australia,69520.91,88811.16,37805.2,4604.0,8.86666667,19.29,31715.71,16.58666667
2007,Camping Equipment,Cooking Gear,TrailChef Utensils,Web,Netherlands,189063.25,221699.97,103417.6,11493.0,9.02857143,19.29,85645.65,16.588571430000002
2007,Camping Equipment,Cooking Gear,TrailChef Utensils,Web,Sweden,47355.01,48822.99,25310.0,2531.0,10.0,19.29,22045.01,18.71
2007,Camping Equipment,Cooking Gear,TrailChef Utensils,Web,Finland,136029.67,164292.93,74164.2,8517.0,9.02857143,19.29,61865.47,16.80857143
2007,Camping Equipment,Cooking Gear,TrailChef Utensils,Web,Denmark,38084.88,55883.13,21238.4,2897.0,7.73333333,19.29,16846.48,14.01333333
2007,Camping Equipment,Cooking Gear,TrailChef Utensils,Web,France,133137.32,156249.0,71854.0,8100.0,9.07272727,19.29,61283.32,16.97272727
2007,Camping Equipment,Cooking Gear,TrailChef Utensils,Web,Germany,109573.86,132965.97,59328.4,6893.0,8.98,19.29,50245.46,16.799
2007,Camping Equipment,Cooking Gear,TrailChef Utensils,Web,Belgium,75593.68,89544.18,40830.4,4642.0,9.02857143,19.29,34763.28,16.89
2007,Camping Equipment,Cooking Gear,TrailChef Utensils,Web,Switzerland,79296.34,96334.26,43021.0,4994.0,8.86666667,19.29,36275.34,16.49
2007,Camping Equipment,Cooking Gear,TrailChef Utensils,Web,Austria,59919.72,65161.62,31903.2,3378.0,9.32,19.29,28016.52,17.512
2007,Camping Equipment,Cooking Gear,TrailChef Utensils,Web,Italy,81875.9,103587.3,44564.2,5370.0,8.86666667,19.29,37311.7,16.555
2007,Camping Equipment,Cooking Gear,TrailChef Utensils,Web,Spain,101970.43,134759.94,56113.8,6986.0,8.64,19.29,45856.63,15.892
2007,Camping Equipment,Cooking Gear,TrailChef Utensils,E-mail,Canada,17766.0,18132.6,9400.0,940.0,10.0,19.29,8366.0,18.9
2007,Camping Equipment,Cooking Gear,TrailChef Utensils,E-mail,Sweden,16008.3,16338.63,8470.0,847.0,10.0,19.29,7538.3,18.9
2007,Camping Equipment,Cooking Gear,TrailChef Utensils,E-mail,Germany,35360.41,36342.36,18840.0,1884.0,10.0,19.29,16520.41,18.805
2007,Camping Equipment,Cooking Gear,TrailChef Utensils,E-mail,Italy,41059.2,43209.6,22400.0,2240.0,10.0,19.29,18659.2,18.33
